{
  "steps": 10,
  "total_tokens": 10240,
  "seconds": 1.4103492719996211,
  "tokens_per_sec": 7260.612816484477
}